<?xml version="1.0" encoding="UTF-8"?>
<project-private xmlns="http://www.netbeans.org/ns/project-private/1">
    <editor-bookmarks xmlns="http://www.netbeans.org/ns/editor-bookmarks/2" lastBookmarkId="0"/>
    <open-files xmlns="http://www.netbeans.org/ns/projectui-open-files/2">
        <group>
            <file>file:/E:/5th%20sem%20cs/dbms%20lab/LoginAndRegister1/src/RegisterForm.java</file>
            <file>file:/E:/5th%20sem%20cs/dbms%20lab/LoginAndRegister1/src/Awelcomepages.java</file>
            <file>file:/E:/5th%20sem%20cs/dbms%20lab/LoginAndRegister1/src/LoginForm.java</file>
            <file>file:/E:/5th%20sem%20cs/dbms%20lab/LoginAndRegister1/src/addmoney.java</file>
        </group>
    </open-files>
</project-private>
